CODE_EPCI,NOM_EPCI,TYPE_EPCI
"200000172",CC Faucigny-Glières,CC
"200000438",CC du Pays de Pontchâteau St-Gildas-des-Bois,CC
"200000545",CC des Portes de Romilly sur Seine,CC
"200000628",CC Rhône Lez Provence,CC
"200000800",CC Coeur de Sologne,CC
"200000925",CC de la Plaine Dijonnaise,CC
"200000933",CC Sauldre et Sologne,CC
"200004802",CC du Pays de Fayence,CC
"200005932",CC des Portes de Sologne,CC
"200005957",CC de la Région de Rambervillers,CC
"200006682","CA Beaune, Côte et Sud - Communauté Beaune-Chagny-Nolay",CA
"200006716",CC du Nogentais,CC
"200006930",CC du Haut Allier,CC
"200006971",CC du Perche,CC
"200007052",CC de la Marche Berrichonne,CC
"200007177",CC Pays de Nérondes,CC
"200010650",CA du Grand Dole,CA
"200010700",CA Caux Seine Agglo,CA
"200011773",CA Annemasse-Les Voirons-Agglomération,CA
"200011781",CC Portes du Berry entre Loire et Val d'Aubois,CC
"200012060",CC Petite Montagne,CC
"200013050",CC Sauer-Pechelbronn,CC
"200015162",CC de l'Oriente,CC
"200016905",CC du Pays de Lamastre,CC
"200017341",CC Lodévois et Larzac,CC
"200017846",CA Etampois Sud Essonne,CA
"200018083",CC de Desvres-Samer,CC
"200018166",CC Le Grésivaudan,CC
"200018406",CC du Romorantinais et du Monestois,CC
"200018521",CC du Val de Bouzanne,CC
"200022986",CC du Grand Pic Saint-Loup,CC
"200023075",CC du Pays de Maîche,CC
"200023125",CC Les Portes Briardes Entre Villes et Forêts,CC
"200023240",CC Pays de Nemours,CC
"200023299",CC Coeur de Tarentaise,CC
"200023307",CA du Grand Villeneuvois,CA
"200023372",CC de la Vallée de Chamonix-Mont-Blanc,CC
"200023414",Métropole Rouen Normandie,METRO
"200023620",CC de la Gascogne Toulousaine,CC
"200023737",CA du Grand Cahors,CA
"200023778",CC du Pays de St Gilles-Croix-de-Vie,CC
"200023794",CC de Blaye,CC
"200023919",CC Gâtinais Val de Loing,CC
"200026573",CC Haut-Jura Saint-Claude,CC
"200027027",CC Arc Sud Bretagne,CC
"200027076",CC Arnon Boischaut Cher,CC
"200027100",CC Méditerranée Porte des Maures,CC
"200027183",CU Perpignan Méditerranée Métropole,CU
"200027217",CC Sarlat-Périgord Noir,CC
"200027308",CC d'Auberive Vingeanne et Montsaugeonnais,CC
"200029734",CC des 4B Sud Charente,CC
"200029999",CC Rives de l'Ain - Pays du Cerdon,CC
"200030195",Métropole Nice Côte d'Azur,METRO
"200030385",CA de Blois ''Agglopolys'',CA
"200030435",CC d'Aire-sur-l'Adour,CC
"200030526",CC du Ried de Marckolsheim,CC
"200030633",CA du Caudrésis et du Catésis,CA
"200030658",CC du Trièves,CC
"200030674",CA Val de Garonne Agglomération,CA
"200032514",CC Berry-Loire-Vauvise,CC
"200033025",CA de Bar-le-Duc - Sud Meuse,CA
"200033090",CC Plaines et Monts de France,CC
"200033116",CC Cluses-Arve et Montagnes,CC
"200033173",CC de la Haute Vallée de Chevreuse,CC
"200033181",CA Chartres Métropole,CA
"200033207",CC Vierzon-Sologne-Berry,CC
"200033298",CC des Coëvrons,CC
"200033579",CU d'Arras,CU
"200033827",CC de Fium'Orbu Castellu,CC
"200033868",CC des Ballons des Hautes-Vosges,CC
"200034023",CC Tarn-Agout,CC
"200034031",CC des Monts d'Alban et du Villefranchois,CC
"200034049",CC Centre Tarn,CC
"200034056",CC du Lautrécois et du Pays d'Agout,CC
"200034064",CC du Cordais et du Causse (4 C),CC
"200034098",CC des Montagnes du Giffre,CC
"200034130",CC Gally Mauldre,CC
"200034197",CC de Montaigne Montravel et Gurson,CC
"200034205",CC de la Costa Verde,CC
"200034270",CC du Pays de Barr,CC
"200034379",CC Pays d'Uzès,CC
"200034411",CC du Piémont Cévenol,CC
"200034601",CC Causses Aigoual Cévennes,CC
"200034635",CC du Kochersberg,CC
"200034692",CA du Gard Rhodanien,CA
"200034700",CA Durance-Lubéron-Verdon Agglomération,CA
"200034718","CC de Vitry, Champagne et Der",CC
"200034726",CC Bastides de Lomagne,CC
"200034825",CA du Grand Guéret,CA
"200034833",CC des Bastides Dordogne-Périgord,CC
"200034874",CC Côtes de Meuse Woëvre,CC
"200034882",CC Pays du Mont-Blanc,CC
"200034957",CC du Frontonnais,CC
"200035087",CA Terre de Provence,CA
"200035103",CC de la Vallée de la Haute Sarthe,CC
"200035111",CC des Sources de l'Orne,CC
"200035129",CC de Cèze Cévennes,CC
"200035137",CC Marche Occitane - Val d'Anglin,CC
"200035202",CC Charlieu-Belmont,CC
"200035319",CA Var Esterel Méditerranée (CAVEM),CA
"200035327",CC Cazals-Salviac,CC
"200035442",CC du Sud-Artois,CC
"200035459",CA d'Agen,CA
"200035533",CC du Grand Saint Emilionnais,CC
"200035541",CC des Landes d'Armagnac,CC
"200035632",CC Armagnac Adour,CC
"200035665",CA Seine Eure,CA
"200035707",CC Piège Lauragais Malepère,CC
"200035715",CA Carcassonne Agglo,CA
"200035723",CC Ventoux Sud,CC
"200035731",CA Roannais Agglomération,CA
"200035756",CC Astarac Arros en Gascogne,CC
"200035764",CC de la Beauce Loirétaine,CC
"200035772",CC du Pays du Saintois,CC
"200035814",CA Flers Agglo,CA
"200035848",CC du Châtillonnais en Berry,CC
"200035855",CC Castelnaudary Lauragais Audois,CC
"200035863","CC Région Lézignanaise, Corbières et Minervois",CC
"200035970",CC Vexin Centre,CC
"200036069",CC du Pays de Mortagne au Perche,CC
"200036077",CC du Golfe de Saint-Tropez,CC
"200036135",CC Coeur de France,CC
"200036150",CC des Hauts du Val de Saône,CC
"200036465",CC de Thann-Cernay,CC
"200036473",CA de Saintes,CA
"200036499",CC de Marana-Golo,CC
"200036523",CC des Bastides en Haut Agenais Périgord,CC
"200036549",CC Val de Gray,CC
"200036572",CC Porte d'Aquitaine en Pays de Serres,CC
"200037059",CC de la Haute Somme (Combles - Péronne - Roisel),CC
"200037133",CC du Provinois,CC
"200038958",CC de la Pieve de l'Ornano,CC
"200038990",CC de Saint-Méen Montauban,CC
"200039022",CA Vitré Communauté,CA
"200039055",CC Ouche et Montagne,CC
"200039063","CC Forêts, Seine et Suzon",CC
"200039204",CC de Lacq-Orthez,CC
"200039519",CC du Quercy Blanc,CC
"200039642",CC Le Tonnerrois en Bourgogne,CC
"200039709",CC du Serein,CC
"200039758","CC Avallon, Vézelay, Morvan",CC
"200039808",CC des Gorges de l'Ardèche,CC
"200039824",CC Ardèche des Sources et Volcans,CC
"200039832",CC Pays des Vans en Cévennes,CC
"200039857",CA du Pays de Grasse,CA
"200039865",Metz Métropole,METRO
"200039907",CC du Sud Messin,CC
"200039915",CA Cannes Pays de Lérins,CA
"200039931",CC Alpes d'Azur,CC
"200039949",CC Rives de Moselle,CC
"200040038",CC Saône Doubs Bresse,CC
"200040095",CC Isle Vern Salembre en Périgord,CC
"200040111",CC Coeur de Chartreuse,CC
"200040137",CC des Lacs de Champagne,CC
"200040178",CC de l'Outre-Forêt,CC
"200040202",CC Provence Verdon,CC
"200040210",CC Lacs et Gorges du Verdon,CC
"200040244",CA du Bocage Bressuirais,CA
"200040251",CC Bassée-Montois,CC
"200040277",CA Agglo du Pays de Dreux,CA
"200040293",CC du Clunisois,CC
"200040350",CC Bugey Sud,CC
"200040384",CC Isle Double Landais,CC
"200040392",CA Le Grand Périgueux,CA
"200040400",CC du Pays Ribéracois,CC
"200040418",CC du Pays de Serres en Quercy,CC
"200040426",CC du Val de l'Oise,CC
"200040442",CA Luberon Monts de Vaucluse,CA
"200040459",CA Montélimar Agglomération,CA
"200040475",CC Loué - Brûlon - Noyen,CC
"200040491",CC Porte de Dromardèche,CC
"200040509",CC du Crestois et de Pays de Saillans Coeur de Drôme,CC
"200040558",CC Ecueillé-Valençay,CC
"200040566",CA de l'Ouest Rhodanien,CA
"200040574",CC Beaujolais Pierres Dorées,CC
"200040590",CA Villefranche Beaujolais Saône,CA
"200040624",CC Pays d'Apt-Luberon,CC
"200040657",CC de la Matheysine,CC
"200040681",CC Enclave des Papes-Pays de Grignan,CC
"200040715",Grenoble-Alpes-Métropole,METRO
"200040764",CC du Sud Corse,CC
"200040772",CC du Perche et Haut Vendômois,CC
"200040798",CC Val Vanoise,CC
"200040814",CC Briance Sud Haute Vienne,CC
"200040830",CC du Pays de Fénelon,CC
"200040889",CC de Portes Sud Périgord,CC
"200040905",CC Carmausin-Ségala,CC
"200040947",CC de Flandre Intérieure,CC
"200040954",CC des Hauts de Flandre,CC
"200041010",CC Coeur de Savoie,CC
"200041051",CC Vallée de la Dordogne et Forêt Bessède,CC
"200041150",CC du Terrassonnais en Périgord Noir Thenon Hautefort,CC
"200041168",CC de la Vallée de l'Homme,CC
"200041283",CC de la Plaine du Rhin,CC
"200041317",CA du Niortais,CA
"200041325",CC du Pays Rhénan,CC
"200041333",CC de Parthenay-Gâtine,CC
"200041366",CC Rhône Crussol,CC
"200041416",CC Airvaudais-Val du Thouet,CC
"200041440",CC de Domme- Villefranche du Périgord,CC
"200041465",CC Val Eyrieux,CC
"200041499",CC Aunis Atlantique,CC
"200041515",CC du Bassin de Pont-à-Mousson,CC
"200041523",CC de la Haute Saintonge,CC
"200041556",CC Portes de la Creuse en Marche,CC
"200041572",CC Dronne et Belle,CC
"200041614",CC Aunis Sud,CC
"200041622",CC Ardennes Thiérache,CC
"200041630",CA Ardenne Métropole,CA
"200041689",CC Vals de Saintonge,CC
"200041721",CC de la Haute Comté,CC
"200041762",CA Rochefort Océan,CA
"200041853",CC du Pays de Montbozon et du Chanois,CC
"200041861",CC du Triangle Vert,CC
"200041879",CC Terres de Saône,CC
"200041887",CC du Val Marnaysien,CC
"200041960",CC Pévèle-Carembault,CC
"200041994",CC Haut Val de Sèvre,CC
"200042000",CC Bruyères-Vallons des Vosges,CC
"200042174",CA Lorient Agglomération,CA
"200042182",CC du Mont des Avaloirs,CC
"200042190",CA de la Porte du Hainaut,CA
"200042372",CC des Coteaux Arrats Gimone,CC
"200042414",CC Bresse Revermont 71,CC
"200042463",CC de la Montagne Noire,CC
"200042497",CC Dombes Saône Vallée,CC
"200042604","CC de Granville, Terre et Mer",CC
"200042620",CC de la Région de Suippes,CC
"200042646",CC Grand Orb communauté de communes en Languedoc,CC
"200042653",CC Sud-Hérault,CC
"200042703",CC de l'Argonne Champenoise,CC
"200042729",CC de la Baie du Cotentin,CC
"200042901",CC Drôme Sud Provence,CC
"200042935",CA Haut - Bugey Agglomération,CA
"200042943",CC du Cap Corse,CC
"200042992",CC Perthois-Bocage et Der,CC
"200043016",CC Val de Charente,CC
"200043065",CC du Val d Amboise,CC
"200043081","CC Chinon, Vienne et Loire",CC
"200043123",CC Auray Quiberon Terre Atlantique,CC
"200043156",CC du Pays Réthelois,CC
"200043172",CA du Bassin de Brive,CA
"200043263",CC Coeur de l'Avesnois,CC
"200043321",CC du Pays de Mormal,CC
"200043354",CC de Villedieu Intercom,CC
"200043396",CA Maubeuge Val de Sambre,CA
"200043404",CC du Sud Avesnois,CC
"200043438",CC de la Moivre à la Coole,CC
"200043495",CA du Pays de Laon,CA
"200043602","CC des Albères, de la Côte Vermeille et de l'Illibéris",CC
"200043628",CC des Vallées du Clain,CC
"200043693",CC Terre Lorraine du Longuyonnais,CC
"200043776",CC Pyrénées audoises,CC
"200043974",CC du Sud Gironde,CC
"200043982",CC du Bazadais,CC
"200043990",CC Vallons de Haute-Bretagne Communauté,CC
"200044014",CC Creuse Grand Sud,CC
"200044030",CC des 7 Vallées,CC
"200044048",CC Osartis Marquion,CC
"200044253",CC du Bassin de Joinville en Champagne,CC
"200044394",CC du Réolais en Sud Gironde,CC
"200044469",CC du Pays de Mirepoix,CC
"200044618",CA du Douaisis (CAD),CA
"200046977",Métropole de Lyon,MET69
"200048551",CC du Pays de Craon,CC
"200049187",CA du Grand Verdun,CA
"200049211",CC Conflent-Canigó,CC
"200049484",CC Berry Grand Sud,CC
"200054781",Métropole du Grand Paris,METRO
"200054807",Métropole d'Aix-Marseille-Provence,METRO
"200055481",CC Beauce Val de Loire,CC
"200055655",CA Roissy Pays de France,CA
"200055887",CC Mayenne Communauté,CC
"200056232",CA Communauté Paris-Saclay,CA
"200056380",CA Plaine Vallée,CA
"200057859",CA Coeur d'Essonne Agglomération,CA
"200057958",CA Paris - Vallée de la Marne,CA
"200058360",CC entre Beauce et Perche,CC
"200058477",CA Val d'Yerres Val de Seine,CA
"200058485",CA Val Parisis,CA
"200058519",CA Saint Germain Boucles de Seine,CA
"200058782",CA de Saint Quentin en Yvelines,CA
"200059228",CA Grand Paris Sud Seine Essonne Sénart,CA
"200059392",CC Bièvre Isère,CC
"200059400",CC Porte Océane du Limousin,CC
"200059889",CU Grand Paris Seine et Oise,CU
"200060010",CA Mauges Communauté,CA
"200065563",CC Normandie-Cabourg-Pays d'Auge,CC
"200065589",CC Val ès Dunes,CC
"200065597",CU Caen la Mer,CU
"200065647",CA Pays de Montbéliard Agglomération,CA
"200065787",CC de Pont-Audemer / Val de Risle,CC
"200065886",CA Loire Forez Agglomération (LFA),CA
"200065894",CC de Forez-Est,CC
"200065928",CA Lannion-Trégor Communauté,CA
"200066009",CA Mulhouse Alsace Agglomération,CA
"200066017",CC Lieuvin Pays d'Auge,CC
"200066025",CC Pays Rhin - Brisach,CC
"200066033",CC Sud Alsace Largue,CC
"200066041",CC Sundgau,CC
"200066058",CA Saint-Louis Agglomération,CA
"200066108",CC des Portes de Meuse,CC
"200066116",CC Argonne-Meuse,CC
"200066124",CA Gaillac-Graulhet,CA
"200066132",CC du Pays de Stenay et du Val Dunois,CC
"200066140",CC de l'Aire à l'Argonne,CC
"200066157",CC de Commercy - Void - Vaucouleurs,CC
"200066165",CC Val de Meuse - Voie Sacrée,CC
"200066173",CC de Damvillers Spincourt,CC
"200066223",CC Arize Lèze,CC
"200066231",CC des Portes d'Ariège Pyrénées,CC
"200066280",CC du Pithiverais,CC
"200066322",CC Terres des Confluences,CC
"200066330",CC Terres du Haut Berry,CC
"200066348",CC du Minervois au Caroux,CC
"200066355",CA Sète Agglopôle Méditerranée,CA
"200066363",CC de la Haute Ariège,CC
"200066371",CC Causses et Vallée de la Dordogne,CC
"200066389",CA Saint-Lô Agglo,CA
"200066405",CC Roumois Seine,CC
"200066413",CC Intercom Bernay Terres de Normandie,CC
"200066462",CC Interco Normandie Sud Eure,CC
"200066512",CC Elan Limousin Avenir Nature,CC
"200066520",CC Ouest Limousin,CC
"200066553",CC des Monts de Lacaune et de la Montagne du Haut Languedoc,CC
"200066561",CC Sidobre Vals et Plateaux,CC
"200066587",CC des Monts du Lyonnais,CC
"200066603",CC du Pays de Lubersac-Pompadour,CC
"200066637",CC Hautes Terres,CC
"200066645",CC Vézère-Monédières-Millesources,CC
"200066652",CC Grand Sud Tarn et Garonne,CC
"200066660",CC de Saint-Flour,CC
"200066678",CC de la Châtaigneraie Cantalienne,CC
"200066710",CC Cingal-Suisse Normande,CC
"200066728",CC Vallées de l'Orne et de l'Odon,CC
"200066744",CC Haute-Corrèze Communauté,CC
"200066751",CC Xaintrie Val'Dordogne,CC
"200066769",CC Midi Corrézien,CC
"200066777",CC Ploërmel Communauté,CC
"200066785",CC de l'Oust à Brocéliande,CC
"200066793",CA du Grand Annecy,CA
"200066801",CC Isigny-Omaha Intercom,CC
"200066819",CC du Volvestre,CC
"200066827",CC du Pays de Honfleur-Beuzeville,CC
"200066835",CC de Sézanne-Sud Ouest Marnais,CC
"200066850",CC des Paysages de la Champagne,CC
"200066868",CC Presqu'île de Crozon-Aulne maritime,CC
"200066876",CA de Châlons-en-Champagne,CA
"200066884",CC Quercy Vert-Aveyron,CC
"200066892",CC de Vendeuvre-Soulaines,CC
"200066918",CA Alès Agglomération,CA
"200066926",CA Grand Auch Coeur de Gascogne,CA
"200066975",CC Senlis Sud Oise,CC
"200067023",CC Coutances Mer et Bocage,CC
"200067031",CC Côte Ouest Centre Manche,CC
"200067049",CC Spelunca-Liamone,CC
"200067064",CC Decazeville Communauté,CC
"200067072",CC Haut-Léon Communauté,CC
"200067080",CC Chablis Villages et Terroirs,CC
"200067106",CA du Pays Basque,CA
"200067114",CA de l'Auxerrois,CA
"200067122",CC Coteaux et Plaines du Pays Lafrançaisain,CC
"200067130",CC de Puisaye-Forterre,CC
"200067155","CC Saint Affricain, Roquefort, Sept Vallons",CC
"200067163","CC Monts, Rance et Rougier",CC
"200067171","CC Aubrac, Carladez et Viadène",CC
"200067189",CC Creuse Sud Ouest,CC
"200067197",CC Monts d'Arrée Communauté,CC
"200067205",CA du Cotentin,CA
"200067213",CU du Grand Reims,CU
"200067221",CC Centre Morbihan Communauté,CC
"200067239",CC des Luys en Béarn,CC
"200067247",CC Pleyben-Châteaulin-Porzay,CC
"200067254",CA Pau Béarn Pyrénées,CA
"200067262",CC du Haut Béarn,CC
"200067288",CC du Béarn des Gaves,CC
"200067296",CC du Nord Est Béarn,CC
"200067304",CC Serein et Armance,CC
"200067320",CC Serre-Ponçon Val d'Avance,CC
"200067346",CA Pornic Agglo Pays de Retz,CA
"200067361",CC Grand-Figeac,CC
"200067379",CC Côtes de Champagne et Val de Saulx,CC
"200067429",CC Haut Nivernais-Val d'Yonne,CC
"200067437",CA Provence-Alpes-Agglomération,CA
"200067445",CC Buëch-Dévoluy,CC
"200067452",CC du Guillestrois et du Queyras,CC
"200067460",CC Loudéac Communauté - Bretagne Centre,CC
"200067478",CC Comtal Lot et Truyère,CC
"200067486",CC Bouzonvillois-Trois Frontières,CC
"200067502",CA Saint-Avold Synergie,CA
"200067510",CC Monts et Vallées Ouest Creuse,CC
"200067544",CC Creuse Confluence,CC
"200067551",CA Thonon Agglomération,CA
"200067593",CC Marche et Combraille en Aquitaine,CC
"200067627",CC Billom Communauté,CC
"200067635",CA Clisson Sèvre et Maine Agglo,CA
"200067643",CC Meurthe Mortagne Moselle,CC
"200067650",CC Houve-Pays Boulageois,CC
"200067668","CC de la Cléry, du Betz et de l'Ouanne",CC
"200067676",CC Canaux et Forêts en Gâtinais,CC
"200067684","CA Epernay, Coteaux et Plaine de Champagne",CA
"200067692",CC Tannay-Brinon-Corbigny,CC
"200067700",CC Sud Nivernais,CC
"200067742",CC Serre-Ponçon,CC
"200067759",CC Vallées et Plateau d'Ardenne,CC
"200067767",CC du Royans-Vercors,CC
"200067783",CC de Hanau-La Petite Pierre,CC
"200067791",CA Pays Foix-Varilhes,CA
"200067817",CC Saône-Beaujolais,CC
"200067825",CA Gap-Tallard-Durance,CA
"200067841",CC de l'Alsace Bossue,CC
"200067866",CC Sèvre et Loire,CC
"200067874",CA de Haguenau,CA
"200067882",CC Bazois Loire Morvan,CC
"200067890",CC Morvan Sommets et Grands Lacs,CC
"200067908",CC Amognes Coeur du Nivernais,CC
"200067916","CC Loire, Vignobles et Nohain",CC
"200067924",CC du Canton d'Erstein,CC
"200067932",CA Golfe du Morbihan - Vannes Agglomération,CA
"200067940",CC Couserans-Pyrénées,CC
"200067957",CC Haut Chemin-Pays de Pange,CC
"200067965",CA de la Région de Compiègne et de la Basse Automne,CA
"200067973",CC Thelloise,CC
"200067981",CA Guingamp-Paimpol Agglomération de l'Armor à l'Argoat,CA
"200067999",CA du Beauvaisis,CA
"200068005",CC de l'Oise Picarde,CC
"200068047",CA Creil Sud Oise,CA
"200068070",CC Loue-Lison,CC
"200068088",CC Les Bertranges,CC
"200068096",CC Champsaur-Valgaudemar,CC
"200068104",CA de la Provence Verte,CA
"200068112",CC du Pays de Saverne,CC
"200068120",CA Quimper Bretagne Occidentale,CA
"200068146",CC Sarrebourg Moselle Sud,CC
"200068229",CC des Baronnies en Drôme Provençale,CC
"200068278",CC Berry Loire Puisaye,CC
"200068294",CC des Deux Vallées Vertes,CC
"200068369",CC de Mirecourt Dompaire,CC
"200068377",CC de la Porte des Vosges Méridionales,CC
"200068435",CC Coeur du Perche,CC
"200068443",CC Andaine - Passais,CC
"200068450",CC Argentan Intercom,CC
"200068468",CC des Pays de L'Aigle,CC
"200068484",CC des Causses à l'Aubrac,CC
"200068500",CA de Cambrai,CA
"200068534",CC Terroir de Caux,CC
"200068542",CC Les Balcons du Dauphiné,CC
"200068559",CC de l'Ouest Vosgien,CC
"200068567",CC Les Vals du Dauphiné,CC
"200068625","CC Alpes-Provence-Verdon ""Sources de lumière""",CC
"200068641",CA Le Muretain Agglo,CA
"200068658",CA de Chaumont du Bassin Nogentais et du Bassin de Bologne Vignory Froncles,CA
"200068666",CA de Saint-Dizier Der et Blaise,CA
"200068674",CA Grand Lac,CA
"200068682",CC Terre d'Eau,CC
"200068757",CA d'Epinal,CA
"200068765",CC du Sisteronais-Buëch,CC
"200068773",CC des Vosges côté Sud Ouest,CC
"200068781",CA Valence Romans Agglo,CA
"200068799",CC Intercom de la Vire au Noireau,CC
"200068807",CC du Bassin Auterivain Haut-Garonnais,CC
"200068815",CC Coeur de Garonne,CC
"200068831",CC Pays Ségali,CC
"200068856",CC des Hauts du Perche,CC
"200068864",CC de la Mossig et du Vignoble,CC
"200068872",CC Eguzon - Argenton - Vallée de la Creuse,CC
"200068880",CC Champagne Boischauts,CC
"200068914",CC La Rochefoucauld - Porte du Périgord,CC
"200068922",CC du Confluent et des Coteaux de Prayssas,CC
"200068930",CC Fumel Vallée du Lot,CC
"200068948",CC Albret Communauté,CC
"200068955",CC Anjou Loir et Sarthe,CC
"200068963",CC Maine Coeur de Sarthe,CC
"200068989",CA Dinan Agglomération,CA
"200068997",CA Arlysère,CA
"200069003",CC du Barséquanais en Champagne,CC
"200069029",CA des Deux Baies en Montreuillois,CA
"200069037",CA du Pays de Saint-Omer,CA
"200069052",CA Grand Belfort,CA
"200069060",CC des Vosges du Sud,CC
"200069086",CC Leff Armor Communauté,CC
"200069094",CC Isle et Crempse en Périgord,CC
"200069102",CC Randon - Margeride,CC
"200069110",CA du Grand Chambéry,CA
"200069128",CC Mont Lozère,CC
"200069136",CC des Cévennes au Mont Lozère,CC
"200069144",CC des Hautes Terres de l'Aubrac,CC
"200069151",CC Gorges Causses Cévennes,CC
"200069169",CC Dômes Sancy Artense,CC
"200069177",CC Mond'Arverne Communauté,CC
"200069185",CC des Terres d'Apcher-Margeride-Aubrac,CC
"200069193",CC de la Dombes,CC
"200069227",CC Pays Fort Sancerrois Val de Loire,CC
"200069235",CC du Haut Pays du Montreuillois,CC
"200069250",CA Troyes Champagne Métropole,CA
"200069268",CC Aubrac Lot Causses Tarn,CC
"200069300",CA Tarbes-Lourdes-Pyrénées,CA
"200069383",CC du Grand Villefranchois,CC
"200069391",CA Lamballe Terre et Mer,CA
"200069409",CA Saint-Brieuc Armor Agglomération,CA
"200069417",CC Pays d'Orthe et Arrigans,CC
"200069425",CA Mont-Saint-Michel-Normandie,CA
"200069433",CC de Vezouze en Piémont,CC
"200069441",CC du Pays de Bitche,CC
"200069458",CC des Vallées d'Auge et du Merlerault,CC
"200069482",CC des Campagnes de l'Artois,CC
"200069516",CC Seulles Terre et Mer,CC
"200069524",CC Pré-Bocage Intercom,CC
"200069532",CA Lisieux Normandie,CA
"200069540",CC Norge et Tille,CC
"200069565",CC des Lacs et Montagnes du Haut-Doubs,CC
"200069581",CC Convergence Garonne,CC
"200069599",CC rurales de l'Entre-Deux-Mers,CC
"200069615",CC Bresse Haute Seille,CC
"200069623",CC Champagnole Nozeroy Jura,CC
"200069631",CC Terres de Chalosse,CC
"200069649",CC Chalosse Tursan,CC
"200069656",CC Coeur Haute Lande,CC
"200069664",CC Meuse Rognon,CC
"200069672",CC du Ternois,CC
"200069698",CC Mâconnais - Tournugeois,CC
"200069722",CC interrégionale Aumale - Blangy-sur-Bresle,CC
"200069730",CC des 4 rivières,CC
"200069748",CC Val de Gâtine,CC
"200069755",CC Mellois en Poitou,CC
"200069763",CC du Haut-Poitou,CC
"200069821",CA Fécamp Caux Littoral Agglomération,CA
"200069839",CC de la Côte d'Albâtre,CC
"200069847",CC Plateau de Caux-Doudeville-Yerville,CC
"200069854",CU du Grand Poitiers,CU
"200069912",CC des Forêts du Perche,CC
"200069953",CC des Portes Euréliennes d'Ile de France,CC
"200069961",CC du Grand Châteaudun,CC
"200069995",CC Médoc Coeur de Presqu'île,CC
"200070035",CC du Civraisien en Poitou,CC
"200070043",CC Vienne et Gartempe,CC
"200070068",CC Communauté Bray-Eawy,CC
"200070092",CA du Libournais,CA
"200070100",CC du Val de Sully,CC
"200070118",CC Val de Saône Centre,CC
"200070126",CC Seine et Aube,CC
"200070142",CC Lyons Andelle,CC
"200070159",CC Coeur de Beauce,CC
"200070167",CC Terres de Perche,CC
"200070183",CC des Terres du Val de Loire,CC
"200070233","CC Terres de Montaigu, CC Montaigu-Rocheservière",CC
"200070282",CC Lavalette Tude Dronne,CC
"200070290",CC Coeur du Pays Haut,CC
"200070308",CA Mâconnais Beaujolais Agglomération,CA
"200070316","CC Entre Arroux, Loire et Somme",CC
"200070324",CC du Territoire de Lunéville à Baccarat,CC
"200070332",CC des Savoir-Faire,CC
"200070340",CC Haute Maurienne Vanoise,CC
"200070365",CC Corbières Salanque Méditerranée,CC
"200070373",CC Loir-Lucé-Bercé,CC
"200070407",CA Agglo Pays d'Issoire,CA
"200070431",CC Saint-Marcellin Vercors Isère Communauté,CC
"200070449",CC inter-Caux-Vexin,CC
"200070464",CC Coeur de Maurienne Arvan,CC
"200070506",CC Pays de Nexon Monts de Chalus,CC
"200070514",CA du Grand Cognac,CA
"200070530",CC du Grand Autunois Morvan,CC
"200070548",CC La Clayette Chauffailles en Brionnais,CC
"200070555",CC de la Veyle,CC
"200070563",CC Terres Touloises,CC
"200070571",CC Coeur de Berry,CC
"200070589",CC de Seille et Grand Couronné,CC
"200070647",CA Bergeracoise,CA
"200070662",CC Bretagne Porte de Loire Communauté,CC
"200070670",CC du Pays de Dol et de la Baie du Mont Saint-Michel,CC
"200070688",CC Couesnon Marches de Bretagne,CC
"200070712",CC Thiers Dore et Montagne,CC
"200070720",CC Médoc Atlantique,CC
"200070738",CC Mad et Moselle,CC
"200070746",CA Sarreguemines Confluences,CA
"200070753",CA Riom Limagne et Volcans,CA
"200070761",CC Ambert Livradois Forez,CC
"200070779",CC Brie des Rivières et Châteaux,CC
"200070787",CC du Plateau de Lannemezan,CC
"200070795",CC du Pays de Trie et du Magnoac,CC
"200070803",CC des Coteaux du Val d'Arros,CC
"200070811",CC Pyrénées Vallées des Gaves,CC
"200070829",CC Neste Barousse,CC
"200070845",CC Orne Lorraine Confluences,CC
"200070852",CC Usses et Rhône,CC
"200070894",CC de Gevrey-Chambertin et de Nuits-Saint-Georges,CC
"200070902",CC Auxonne Pontailler Val de Saône,CC
"200070910",CC Tille et Venelle,CC
"200070928",CC Terre de Picardie,CC
"200070936",CC Ponthieu-Marquenterre,CC
"200070944",CC du Vimeu,CC
"200070951",CC du Territoire Nord Picardie,CC
"200070969",CC Avre Luce Noye,CC
"200070977",CC du Grand Roye,CC
"200070985",CC de l'Est de la Somme,CC
"200070993",CA de la Baie de Somme,CA
"200071017",CC des Terres d'Auxois,CC
"200071025",CC Haute-Provence-Pays de Banon,CC
"200071033",CC Jabron-Lure-Vançon-Durance,CC
"200071041",CC du Chaourçois et du Val d'Armance,CC
"200071058",CC Les Avant-Monts,CC
"200071066",CA de Saint-Dié-des-Vosges,CA
"200071074",CC Les Portes de l'Ile de France,CC
"200071082",CA Montluçon Communauté,CA
"200071116",CA ECLA  (Espace Communautaire Lons Agglomération),CA
"200071140",CA Moulins Communauté,CA
"200071157",CC des Hautes Vosges,CC
"200071165",CA Les Sables d'Olonne Agglomération,CA
"200071173",CC du Pays Arnay Liernais,CC
"200071181",CC Somme Sud-Ouest,CC
"200071199",CC Plaine Limagne,CC
"200071207",CC de Pouilly en Auxois/Bligny sur Ouche,CC
"200071215",CC Chavanon Combrailles et Volcans,CC
"200071223",CC Nièvre et Somme,CC
"200071298",CC des Terres du Lauragais,CC
"200071314",CC communauté de communes des Hauts-Tolosans,CC
"200071363",CA Vichy Communauté,CA
"200071371",CC Bresse et Saône,CC
"200071389",CC Saint-Pourçain Sioule Limagne,CC
"200071405",CC Ardèche Rhône Coiron,CC
"200071413",CA Privas Centre Ardèche,CA
"200071454",CA Evreux Portes de Normandie,CA
"200071470",CC Entr'Allier Besbre et Loire,CC
"200071496",CC du Bocage Bourbonnais,CC
"200071504",CC des Collines du Perche Normand,CC
"200071512",CC Commentry Montmarault Néris Communauté,CC
"200071520",CC Domfront Tinchebray Interco,CC
"200071538",CC Terres de Bresse,CC
"200071546",CC Sud Retz Atlantique,CC
"200071553",CC Loire Layon Aubance,CC
"200071579",CC Bresse Louhannaise Intercom',CC
"200071587",CC Loches Sud Touraine,CC
"200071595","CC Arbois, Poligny, Salins, Coeur du Jura",CC
"200071629",CC Challans-Gois Communauté,CC
"200071645",CC Saint Cyr Mère Boitier entre Charolais et Mâconnais,CC
"200071652",CC du Pays Fertois et du Bocage Carrougien,CC
"200071678",CA Agglomération du Choletais,CA
"200071751",CA du Bassin de Bourg-en-Bresse,CA
"200071769",CC Picardie des Châteaux,CC
"200071777","CC d'Arcis, Mailly, Ramerupt",CC
"200071785",CA Chauny Tergnier La Fère,CA
"200071819",CC du Périgord Nontronnais,CC
"200071827",CA du Grand Angoulême,CA
"200071843",CC du Vexin Normand,CC
"200071850",CC du Pithiverais-Gâtinais,CC
"200071868",CC des Vallées du Haut-Anjou,CC
"200071876",CA Saumur Val de Loire,CA
"200071884",CC Le Grand Charolais,CC
"200071892",CA du Saint-Quentinois,CA
"200071900",CC Vendée Grand Littoral,CC
"200071918",CC du Pays de Saint-Fulgent - Les Essarts,CC
"200071926",CC du Limouxin,CC
"200071934",CC du Pays de Fontenay-Vendée,CC
"200071942",CC Haut Limousin en Marche,CC
"200071967",CC Pays d'Evian Vallée d'Abondance,CC
"200071983",CC Thiérache Sambre et Oise,CC
"200071991",CC Retz en Valois,CC
"200072007",CC de la Montagne d'Ardèche,CC
"200072015",CA Annonay Rhône Agglo,CA
"200072023",CC Coeur de Charente,CC
"200072031",CA de la Région de Château-Thierry,CA
"200072049",CC de Charente Limousine,CC
"200072056",CC Porte du Jura,CC
"200072064",CC Val-de-Cher-Controis,CC
"200072072",CA Territoires Vendômois,CA
"200072080",CC du Pays de Saint-Eloy,CC
"200072098",CC Combrailles Sioule et Morge,CC
"200072106",CC Adour Madiran,CC
"200072130",CA du Pays de Meaux,CA
"200072304",CC Vallée de l'Ubaye - Serre-Ponçon,CC
"200072312",CA Seine Normandie Agglomération,CA
"200072320",CC Val de Gers,CC
"200072346",CA du Pays de Fontainebleau,CA
"200072452",CA Fougères Agglomération,CA
"200072460","CA de Béthune-Bruay, Artois-Lys Romane",CA
"200072478",CC Pays d'Opale,CC
"200072544",CC des Deux Morin,CC
"200072635",CC Pyrénées Haut Garonnaises,CC
"200072643",CC Coeur et Coteaux du Comminges,CC
"200072650",CC Touraine Vallée de l'Indre,CC
"200072668",CC Touraine Val de Vienne,CC
"200072676",CC Maine Saosnois,CC
"200072684",CC Le Gesnois Bilurien,CC
"200072692",CC des Vallées de la Braye et de l'Anille,CC
"200072700",CC Haute Sarthe Alpes Mancelles,CC
"200072718",CC de la Champagne Conlinoise et du Pays de Sillé,CC
"200072726",CC Châteaubriant-Derval,CC
"200072734",CC Estuaire et Sillon,CC
"200072825",CC Mirebellois et Fontenois,CC
"200072874",CC Val Briard,CC
"200072882",CC de Vie et Boulogne,CC
"200072981",CC Touraine Ouest Val de Loire,CC
"200072999",CC du Grand Langres,CC
"200073013",CC Carnelle Pays-de-France,CC
"200073096",CA Arche Agglo,CA
"200073104",CC de l'Ile-Rousse - Balagne,CC
"200073112",CC Sud Sarthe,CC
"200073120",CC Nebbiu - Conca d'Oro,CC
"200073138",CC Pasquale Paoli,CC
"200073146",CC Cagire Garonne Salat,CC
"200073161",CC Touraine-Est Vallées,CC
"200073237",CC de Gâtine et Choisilles - Pays de Racan,CC
"200073245",CC du Bassin d'Aubenas,CC
"200073252",CC de la Castagniccia-Casinca,CC
"200073260",CC Sud Vendée Littoral,CC
"200073344",CA Rambouillet Territoires,CA
"200073393",CC des Rives du Haut Allier,CC
"200073401",CC Mézenc-Loire-Meygal,CC
"200073419",CA du Puy-en-Velay,CA
"200073427",CC Marches du Velay-Rochebaron,CC
"200077014",CA Vienne Condrieu,CA
"200077055",CA Coulommiers Pays de Brie,CA
"200083392",CA Laval Agglomération,CA
"200084952",CU Le Havre Seine Métropole,CU
"200085728",CC Brioude Sud Auvergne,CC
"200085751",CC Entre Bièvre et Rhône,CC
"240100610",CC de la Côtière à Montluel,CC
"240100750",CA du Pays de Gex,CA
"240100800",CC de Miribel et du Plateau,CC
"240100883",CC de la Plaine de l'Ain,CC
"240100891",CC du Pays Bellegardien (CCPB),CC
"240200444",CC de la Thiérache du Centre,CC
"240200469",CC du Pays de la Serre,CC
"240200477",CA GrandSoissons Agglomération,CA
"240200493",CC du Pays du Vermandois,CC
"240200501",CC du Val de l'Aisne,CC
"240200519",CC du Canton d'Oulchy le Château,CC
"240200576",CC de la Champagne Picarde,CC
"240200584",CC du Canton de Charly sur Marne,CC
"240200592",CC du Chemin des Dames,CC
"240200600",CC des Trois Rivières,CC
"240200634",CC des Portes de la Thiérache,CC
"240300491",CC du Pays de Lapalisse,CC
"240300558",CC du Pays de Tronçais,CC
"240300566",CC du Val de Cher,CC
"240300657",CC du Pays d'Huriel,CC
"240400440",CC Pays Forcalquier et Montagne de Lure,CC
"240500439",CC du Briançonnais,CC
"240500462",CC du Pays des Ecrins,CC
"240600551",CA de la Riviera Française,CA
"240600585",CA de Sophia Antipolis,CA
"240600593",CC du Pays des Paillons,CC
"240700302",CC du Pays Beaume-Drobie,CC
"240700617",CC Val de Ligne,CC
"240700716",CC du Val d'Ay,CC
"240700815",CC Berg et Coiron,CC
"240700864",CC du Rhône aux Gorges de l'Ardèche,CC
"240800821","CC Ardenne, Rives de Meuse",CC
"240800847",CC des Portes du Luxembourg,CC
"240800862",CC des Crêtes Préardennaises,CC
"240800920",CC de l'Argonne Ardennaise,CC
"240900431",CC du Pays de Tarascon,CC
"240900464",CC du Pays d'Olmes,CC
"241000223","CC Forêts, Lacs, Terres en Champagne",CC
"241000405",CC de la Région de Bar sur Aube,CC
"241000447",CC du Pays d'Othe,CC
"241000488",CC de l'Orvin et de l'Ardusson,CC
"241100593",CA Le Grand Narbonne,CA
"241200187",CA Rodez Agglomération,CA
"241200542",CC du Réquistanais,CC
"241200567",CC de Millau Grands Causses,CC
"241200625",CC du Pays Rignacois,CC
"241200641",CC Conques-Marcillac,CC
"241200658",CC du Pays de Salars,CC
"241200674",CC du Plateau de Montbazens,CC
"241200765",CC de Lévézou Pareloup,CC
"241200807",CC Aveyron Bas Ségala Viaur,CC
"241200906",CC Larzac et Vallées,CC
"241200914",CC de la Muse et des Raspes du Tarn,CC
"241300375",CC Vallée des Baux-Alpilles (CC VBA),CC
"241300417",CA d'Arles-Crau-Camargue-Montagnette,CA
"241400415",CC Coeur Côte Fleurie,CC
"241400514",CC du Pays de Falaise,CC
"241400555",CC de Bayeux Intercom,CC
"241400860",CC Coeur de Nacre,CC
"241400878",CC Terre d'Auge,CC
"241500230",CA du Bassin d'Aurillac,CA
"241500255",CC du Pays Gentiane,CC
"241500271",CC du Pays de Mauriac,CC
"241501055",CC Sumène - Artense,CC
"241501089",CC Cère et Goul en Carladès,CC
"241501139",CC du Pays de Salers,CC
"241600303",CC du Rouillacais,CC
"241700434",CA de La Rochelle,CA
"241700459",CC de l'Ile de Ré,CC
"241700517",CC Charente-Arnoult-Coeur de Saintonge,CC
"241700624",CC de l'Ile d'Oléron,CC
"241700632",CC de Gémozac et de la Saintonge Viticole,CC
"241700640",CA Royan Atlantique,CA
"241700699",CC du Bassin de Marennes,CC
"241800325",CC les Villages de la Forêt,CC
"241800374",CC la Septaine,CC
"241800424",CC le Dunois,CC
"241800432",CC les Trois Provinces,CC
"241800457",CC Fercher Pays Florentais,CC
"241800507",CA Bourges Plus,CA
"241900133",CC de Ventadour - Egletons - Monédières,CC
"241927201",CA Tulle Agglo,CA
"241927243",CC du Pays d'Uzerche,CC
"242000354",CA de Bastia,CA
"242000495",CC de l'Alta Rocca,CC
"242000503",CC Celavu-Prunelli,CC
"242010056",CA du Pays Ajaccien,CA
"242010130",CC du Sartenais Valinco Taravo,CC
"242020071",CC du Centre Corse,CC
"242020105",CC de Calvi Balagne,CC
"242100154",CC des Vallées de la Tille et de l'Ignon,CC
"242100410",Dijon Métropole,METRO
"242101434",CC du Pays Châtillonnais,CC
"242101442",CC de Saulieu,CC
"242101459",CC du Pays d'Alésia et de la Seine,CC
"242101491",CC du Montbardois,CC
"242101509",CC Rives de Saône,CC
"242200715",CC du Kreiz-Breizh (CCKB),CC
"242400752",CC Périgord-Limousin,CC
"242400935",CC du Pays de Saint Aulaye,CC
"242401024",CC Isle-Loue-Auvézère en Périgord,CC
"242500320",CC de Montbenoit,CC
"242500338",CC du Grand Pontarlier,CC
"242500361",CA du Grand Besançon,CA
"242504116",CC du Val de Morteau,CC
"242504181",CC des Portes du Haut-Doubs,CC
"242504355",CC du Plateau de Russey,CC
"242504371",CC du Pays de Sancey-Belleherbe,CC
"242504447",CC du Doubs Baumois,CC
"242504488",CC Altitude 800,CC
"242504496",CC du Plateau de Frasne et du Val de Drugeon (CFD),CC
"242600252",CC du Val de Drôme,CC
"242600492",CC Dieulefit-Bourdeaux,CC
"242600534",CC du Diois,CC
"242700276",CC du Pays de Conches,CC
"242700607",CC du Pays du Neubourg,CC
"242700623",CC Eure-Madrie-Seine,CC
"242852465",CC du Bonnevalais,CC
"242900074",CC du Pays d'Iroise,CC
"242900314",Brest Métropole,METRO
"242900553",CC du Pays des Abers,CC
"242900561",CC de Haute Cornouaille,CC
"242900629",CC Cap Sizun - Pointe du Raz,CC
"242900645",CC Douarnenez Communauté,CC
"242900660",CC du Pays Fouesnantais,CC
"242900694",CA Quimperlé Communauté,CA
"242900702",CC du Pays Bigouden Sud,CC
"242900710",CC du Haut Pays Bigouden,CC
"242900744",CC Poher Communauté,CC
"242900751",CC du Pays de Landivisiau,CC
"242900769",CA Concarneau Cornouaille Agglomération,CA
"242900793",CC Communauté Lesneven Côte des Légendes,CC
"242900801",CC du Pays de Landerneau-Daoulas,CC
"242900835",CA Morlaix Communauté,CA
"243000270",CC du Pays Viganais,CC
"243000296",CC du Pays de Sommières,CC
"243000569","CC Rhony, Vistre, Vidourle",CC
"243000585",CC Beaucaire Terre d'Argence,CC
"243000593",CC de Petite Camargue,CC
"243000643",CA de Nîmes Métropole,CA
"243000650",CC Terre de Camargue,CC
"243000684",CC du Pont du Gard,CC
"243100518",Toulouse Métropole,METRO
"243100567",CC Lauragais Revel Sorezois,CC
"243100633",CA du Sicoval,CA
"243100732",CC des Coteaux du Girou,CC
"243100773",CC Val'Aïgo,CC
"243100781",CC de la Save au Touch,CC
"243100815",CC des Coteaux Bellevue,CC
"243200391",CC de la Lomagne Gersoise,CC
"243200409",CC du Bas Armagnac,CC
"243200417",CC de la Tenarèze,CC
"243200425",CC Coeur d'Astarac en Gascogne,CC
"243200458",CC du Grand Armagnac,CC
"243200508",CC Bastides et Vallons du Gers,CC
"243200599",CC du Saves,CC
"243200607",CC Artagnan de Fezensac,CC
"243300316",Bordeaux Métropole,METRO
"243300563",CA Bassin d'Arcachon Sud-Pôle Atlantique (COBAS),CA
"243300811",CC de l'Estuaire,CC
"243301165",CC Jalle-Eau-Bourde,CC
"243301181",CC Latitude Nord Gironde,CC
"243301215",CC du Créonnais,CC
"243301223",CC du Grand Cubzaguais,CC
"243301249",CC du Secteur de Saint-Loubès,CC
"243301264",CC de Montesquieu,CC
"243301355",CC des Coteaux Bordelais,CC
"243301371",CC du Pays Foyen,CC
"243301389",CC Médullienne,CC
"243301397",CC du Fronsadais,CC
"243301405",CC du Val de l'Eyre,CC
"243301439",CC des Portes de l'Entre-Deux-Mers,CC
"243301447",CC Médoc Estuaire,CC
"243301454",CC Castillon/Pujols,CC
"243301504",CA du Bassin d'Arcachon Nord,CA
"243400017",Montpellier Méditerranée Métropole,METRO
"243400355",CC du Clermontais,CC
"243400470",CA du Pays de l'Or,CA
"243400488",CC la Domitienne,CC
"243400520",CC du Pays de Lunel,CC
"243400694",CC Vallée de l'Hérault,CC
"243400736",CC des Cévennes Gangeoises et Suménoises,CC
"243400769",CA de Béziers-Méditerranée,CA
"243400819",CA Hérault-Méditerranée,CA
"243500139",Rennes Métropole,METRO
"243500550",CC Montfort Communauté,CC
"243500618",CC de Brocéliande,CC
"243500634",CC de La Roche aux Fées,CC
"243500659",CC Pays de Châteaugiron Communauté,CC
"243500667",CC Val d'Ille-Aubigné,CC
"243500725",CC Côte d'Emeraude,CC
"243500733",CC Bretagne Romantique,CC
"243500741",CA Redon Agglomération,CA
"243500774",CC Liffré-Cormier Communauté,CC
"243500782",CA du Pays de Saint Malo Agglomération,CA
"243600202",CC Chabris - Pays de Bazelle,CC
"243600236",CC du Pays d'Issoudun,CC
"243600293",CC de la Région de Levroux,CC
"243600301",CC Val de l'Indre - Brenne,CC
"243600319",CC Brenne - Val de Creuse,CC
"243600327",CA Châteauroux Métropole,CA
"243600343",CC Coeur de Brenne,CC
"243600350",CC de la Châtre et Sainte-Sévère,CC
"243700499",CC du Castelrenaudais,CC
"243700754",Tours Métropole Val de Loire,METRO
"243700820",CC de Bléré Val de Cher,CC
"243800604",CA Porte de l'Isère (CAPI),CA
"243800745",CC de l'Oisans,CC
"243800935",CC Lyon-Saint-Exupéry en Dauphiné,CC
"243800984",CA du Pays Voironnais,CA
"243801024",CC du Massif du Vercors,CC
"243801073",CC de Bièvre Est,CC
"243801255",CC des Collines du Nord Dauphiné,CC
"243900354",CC de la Station des Rousses-Haut Jura,CC
"243900412",CC Jura Sud,CC
"243900420",CC du Val d'Amour,CC
"243900479",CC du Haut-Jura (ARCADE),CC
"243900560",CC Jura Nord,CC
"243900610",CC la Grandvallière,CC
"243900719",CC du Pays des Lacs,CC
"243901071",CC de la Région d'Orgelet,CC
"243901089",CC de la Plaine Jurassienne,CC
"244000543",CC de Mimizan,CC
"244000659",CC du Seignanx,CC
"244000675",CA du Grand Dax,CA
"244000691",CC du Pays Morcenais,CC
"244000766",CC du Pays Tarusate,CC
"244000774",CC du Pays de Villeneuve en Armagnac Landais,CC
"244000808",CA Mont de Marsan Agglomération,CA
"244000824",CC du Pays Grenadois,CC
"244000857",CC Côte Landes Nature,CC
"244000865",CC Maremne Adour Côte Sud,CC
"244000873",CC des Grands Lacs,CC
"244000881",CC Coteaux et Vallées des Luys,CC
"244100293",CC des Collines du Perche,CC
"244100780",CC de la Sologne des Etangs,CC
"244100798",CC du Grand Chambord,CC
"244100806",CC de la Sologne des Rivières,CC
"244200614",CC des Vals d'Aix et Isable,CC
"244200622",CC des Monts du Pilat,CC
"244200630",CC du Pays Entre Loire et Rhône,CC
"244200770",Saint-Etienne Métropole,METRO
"244200820",CC du Pays d'Urfé,CC
"244200895",CC du Pilat Rhodanien,CC
"244300307",CC du Pays de Montfaucon,CC
"244301016",CC des Sucs,CC
"244301099",CC Auzon Communauté,CC
"244301107",CC du Haut Lignon,CC
"244301123",CC des Pays de Cayres et de Pradelles,CC
"244301131",CC Loire et Semène,CC
"244400404",Nantes Métropole,METRO
"244400438",CC de Grand Lieu,CC
"244400453",CC de la Région de Blain,CC
"244400503",CC d'Erdre et Gesvres,CC
"244400537",CC de Nozay,CC
"244400552",CC du Pays d'Ancenis,CC
"244400586",CC du Sud Estuaire,CC
"244400610",CA de la Presqu'île de Guérande Atlantique (CAP ATLANTIQUE),CA
"244400644",CA de la Région Nazairienne et de l'Estuaire (CARENE),CA
"244500203",CA Montargoise et Rives du Loing (AME),CA
"244500211",CC Giennoises,CC
"244500419",CC des Quatre Vallées,CC
"244500427",CC des Loges,CC
"244500468",Orléans Métropole,METRO
"244500484",CC de la Forêt,CC
"244500542",CC de la Plaine du Nord Loiret,CC
"244600433",CC de la Vallée du Lot et du Vignoble,CC
"244600482",CC Quercy - Bouriane,CC
"244600532",CC du Pays de Lalbenque-Limogne,CC
"244600573",CC du Causse de Labastide Murat,CC
"244700449",CC du Pays de Duras,CC
"244700464",CC du Pays de Lauzun,CC
"244701355",CC des Coteaux et Landes de Gascogne,CC
"244701405",CC Lot et Tolzac,CC
"244800405",CC Coeur de Lozère,CC
"244800470",CC du Gévaudan,CC
"244900015",CU Angers Loire Métropole,CU
"244900809",CC Anjou Bleu Communauté,CC
"244900882",CC Baugeois Vallée,CC
"245100615",CC de la Grande Vallée de la Marne,CC
"245100888",CC de la Brie Champenoise,CC
"245100979",CC du Sud Marnais,CC
"245200597",CC des Trois Forêts,CC
"245300223",CC du Pays de Meslay-Grez,CC
"245300355",CC de l'Ernée,CC
"245300389",CC du Bocage Mayennais,CC
"245300447",CC du Pays de Château-Gontier,CC
"245400171",CC Moselle et Madon,CC
"245400189",CC des Pays du Sel et du Vermois,CC
"245400262",CA de Longwy,CA
"245400510",CC du Pays de Colombey et du Sud Toulois,CC
"245400601",CC du Bassin de Pompey,CC
"245400676",Métropole du Grand Nancy,METRO
"245400759",CC du Pays du Sanon,CC
"245500327",CC du Sammiellois,CC
"245501176",CC du Territoire de Fresnes en Woëvre,CC
"245501184",CC du Pays de Revigny sur Ornain,CC
"245501242",CC du Pays d'Etain,CC
"245501259",CC du Pays de Montmédy,CC
"245600440",CC de Blavet Bellevue Océan,CC
"245600465",CC de Belle Ile en Mer,CC
"245614383",CC Questembert Communauté,CC
"245614417",CC Roi Morvan Communauté,CC
"245614433",CC Pontivy Communauté,CC
"245700133",CC du District Urbain de Faulquemont (DUF),CC
"245700372",CA de Forbach Porte de France,CA
"245700398",CC de Freyming-Merlebach,CC
"245700695",CC de Cattenom et Environs,CC
"245700950",CC du Pays de Phalsbourg,CC
"245701164",CC du Warndt,CC
"245701206",CC du Saulnois,CC
"245701222",CA du Val de Fensch,CA
"245701271",CC du Pays Orne Moselle,CC
"245701354",CC de l'Arc Mosellan,CC
"245701362",CA Portes de France-Thionville,CA
"245701404",CC du Pays Haut Val d'Alzette,CC
"245801063",CC Loire et Allier,CC
"245804406",CA de Nevers,CA
"245804497",CC du Nivernais Bourbonnais,CC
"245900410",Métropole Européenne de Lille,METRO
"245900428",CU de Dunkerque,CU
"245900758",CC Flandre Lys,CC
"245901038",CC du Pays Solesmois,CC
"245901061",CC de la Haute Deûle,CC
"245901152",CC Coeur d'Ostrevent (CCCO),CC
"245901160",CA Valenciennes Métropole,CA
"246000129",CC du Liancourtois,CC
"246000376",CC du Clermontois,CC
"246000566",CC du Plateau Picard,CC
"246000582",CC des Sablons,CC
"246000707",CC du Vexin-Thelle,CC
"246000749",CC des Lisières de l'Oise,CC
"246000756",CC du Pays Noyonnais,CC
"246000764",CC de l'Aire Cantilienne,CC
"246000772",CC des Deux Vallées,CC
"246000848",CC de la Picardie Verte,CC
"246000855",CC du Pays des Sources,CC
"246000871",CC du Pays de Valois,CC
"246000897",CC de la Plaine d'Estrées,CC
"246000913",CC du Pays de Bray,CC
"246000921",CC des Pays d'Oise et d'Halatte,CC
"246100390",CC du Val d'Orne,CC
"246100663",CU d'Alençon,CU
"246200299",CA d'Hénin-Carvin,CA
"246200364",CA de Lens - Liévin,CA
"246200380",CC de la Terre des Deux Caps,CC
"246200729",CA du Boulonnais,CA
"246200844",CC de la Région d'Audruicq,CC
"246201016",CC du Pays de Lumbres,CC
"246201149",CA du Calaisis,CA
"246300701",Clermont Auvergne Métropole,METRO
"246300966",CC du Massif du Sancy,CC
"246301097",CC Entre Dore et Allier,CC
"246400337",CC de la Vallée d'Ossau,CC
"246401756",CC Pays de Nay,CC
"246500482",CC de la Haute-Bigorre,CC
"246500573",CC Aure Louron,CC
"246600282",CC Sud-Roussillon,CC
"246600373",CC du Vallespir,CC
"246600399",CC Pyrénées Cerdagne,CC
"246600415",CC Roussillon-Conflent,CC
"246600423",CC Agly Fenouillèdes,CC
"246600449",CC des Aspres,CC
"246600464",CC Pyrénées Catalanes,CC
"246600548",CC du Haut Vallespir,CC
"246700306",CC de la Vallée de la Bruche,CC
"246700488",Eurométropole de Strasbourg,METRO
"246700744",CC des Portes de Rosheim,CC
"246700777",CC de la Vallée de Villé,CC
"246700843",CC de la Basse-Zorn,CC
"246700926",CC du Pays de Wissembourg,CC
"246700959",CC du Pays de la Zorn,CC
"246700967",CC de Sélestat,CC
"246701064",CC de la Région de Molsheim-Mutzig,CC
"246701080",CC du Pays de Sainte-Odile,CC
"246701098",CC du Pays de Niederbronn-les-Bains,CC
"246800205",CC de la Vallée de Saint-Amarin,CC
"246800395",CC du Val d'Argent,CC
"246800445",CC du Centre du Haut-Rhin,CC
"246800494","CC du Pays de Rouffach, Vignobles et Châteaux",CC
"246800551",CC de la Vallée de Kaysersberg,CC
"246800569",CC de la Région de Guebwiller,CC
"246800577",CC du Pays de Ribeauvillé,CC
"246800585",CC de la Vallée de Munster,CC
"246800676",CC de la Vallée de la Doller et du Soultzbach,CC
"246800726",CA Colmar Agglomération,CA
"246900575",CC de l'Est Lyonnais (CCEL),CC
"246900625",CC du Pays de l'Arbresle (CCPA),CC
"246900724",CC des Vallons du Lyonnais (CCVL),CC
"246900740",CC du Pays Mornantais (COPAMO),CC
"246900757",CC de la Vallée du Garon (CCVG),CC
"246900765",CC du Pays de l'Ozon,CC
"247000011",CA de Vesoul,CA
"247000367",CC des Combes,CC
"247000623",CC des Quatre Rivières,CC
"247000664",CC du Pays de Lure,CC
"247000698",CC des Monts de Gy,CC
"247000706",CC du Pays Riolais,CC
"247000714",CC du Pays de Villersexel,CC
"247000722",CC du Pays d'Héricourt,CC
"247000755",CC du Pays de Luxeuil,CC
"247000821",CC Rahin et Chérimont,CC
"247000854",CC des 1000 étangs,CC
"247100290",CU Le Creusot Montceau-les-Mines,CU
"247100589",CA Le Grand Chalon,CA
"247100639",CC de Marcigny,CC
"247100647",CC Bresse Nord Intercom',CC
"247103765",CC Entre Saône et Grosne,CC
"247103864",CC du Canton de Semur en Brionnais,CC
"247104094",CC Sud Côte Chalonnaise,CC
"247200090",CC de Sablé-sur-Sarthe,CC
"247200132",CU Le Mans Métropole,CU
"247200348",CC du Pays Fléchois,CC
"247200421",CC du Sud Est du Pays Manceau,CC
"247200447",CC Orée de Bercé - Belinois,CC
"247200629",CC du Val de Sarthe,CC
"247200686",CC du Pays de l'Huisne Sarthoise,CC
"247300015",CC des Vallées d'Aigueblanche,CC
"247300254",CC de Haute-Tarentaise,CC
"247300262",CC de Yenne,CC
"247300361",CC du Canton de La Chambre,CC
"247300452",CC Maurienne Galibier,CC
"247300528",CC Val Guiers,CC
"247300668",CC du Lac d'Aiguebelette (CCLA),CC
"247300676",CC Porte de Maurienne,CC
"247300817",CC Les Versants d'Aime,CC
"247400047",CC de la Vallée Verte,CC
"247400112",CC du Pays de Cruseilles,CC
"247400567",CC Fier et Usses,CC
"247400583",CC Arve et Salève,CC
"247400617",CC des Vallées de Thônes,CC
"247400666",CC des Quatre Rivières,CC
"247400682",CC du Haut-Chablais,CC
"247400690",CC du Genevois,CC
"247400724",CC du Pays Rochois,CC
"247400740",CC Rumilly Terre de Savoie,CC
"247400773",CC des sources du lac d'Annecy,CC
"247600505",CC Campagne-de-Caux,CC
"247600588",CC des Villes Soeurs,CC
"247600604",CC de Londinières,CC
"247600620",CC Yvetot Normandie,CC
"247600646",CC Caux - Austreberthe,CC
"247600729",CC Falaises du Talou,CC
"247600786",CA de la Région Dieppoise,CA
"247700032",CC Moret Seine et Loing,CC
"247700057",CA Melun Val de Seine,CA
"247700065",CC du Pays de l'Ourcq,CC
"247700107",CC Pays de Montereau,CC
"247700339",CA Val d'Europe Agglomération,CA
"247700438",CC Pays Créçois,CC
"247700594",CA Marne et Gondoire,CA
"247700644",CC l'Orée de la Brie,CC
"247700701",CC Brie Nangissienne,CC
"247800550",CC du Pays Houdanais (CCPH),CC
"247800584",CA Versailles Grand Parc (CAVGP),CA
"247800618",CC Coeur d'Yvelines,CC
"247900798",CC du Thouarsais,CC
"248000499",CC du Val de Somme,CC
"248000531",CA Amiens Métropole,CA
"248000747",CC du Pays du Coquelicot,CC
"248100158",CC du Sor et de l'Agout,CC
"248100430",CA de Castres Mazamet,CA
"248100497",CC Val 81,CC
"248100737",CA de l'Albigeois (C2A),CA
"248100745",CC Thoré Montagne Noire,CC
"248200016",CC des Deux Rives,CC
"248200057",CC du Quercy Caussadais,CC
"248200065",CC de la Lomagne Tarn-et-Garonnaise,CC
"248200099",CA Grand Montauban,CA
"248200107",CC du Quercy Rouergue et des Gorges de l'Aveyron,CC
"248300394",CA Sud Sainte Baume,CA
"248300410",CC de la Vallée du Gapeau,CC
"248300493",CA Dracénoise,CA
"248300543",Métropole Toulon-Provence-Méditerranée,METRO
"248300550",CC Coeur du Var,CC
"248400053",CA Ventoux-Comtat-Venaissin (COVE),CA
"248400160",CC Aygues-Ouvèze en Provence (CCAOP),CC
"248400236",CC du Pays Réuni d'Orange,CC
"248400251",CA du Grand Avignon (COGA),CA
"248400285",CC Territoriale Sud-Luberon,CC
"248400293",CC des Sorgues du Comtat,CC
"248400319",CC du Pays des Sorgues et des Monts de Vaucluse,CC
"248400335",CC Vaison Ventoux,CC
"248500191",CC de l'Ile de Noirmoutier,CC
"248500258",CC Océan Marais de Monts,CC
"248500340",CC Pays de Chantonnay,CC
"248500415",CC du Pays de la Châtaigneraie,CC
"248500464",CC du Pays de Pouzauges,CC
"248500530",CC du Pays des Achards,CC
"248500563","CC Vendée, Sèvre, Autise",CC
"248500589",CA La Roche sur Yon - Agglomération,CA
"248500621",CC du Pays des Herbiers,CC
"248500662",CC du Pays de Mortagne,CC
"248600413",CA Grand Châtellerault,CA
"248600447",CC du Pays Loudunais,CC
"248700189",CC du Pays de Saint Yrieix,CC
"248719262",CC Gartempe - Saint Pardoux,CC
"248719288",CC du Val de Vienne,CC
"248719312",CU Limoges Métropole,CU
"248719338",CC Briance-Combade,CC
"248719353",CC des Portes de Vassivière,CC
"248719361",CC de Noblat,CC
"248900334",CA du Grand Sénonais,CA
"248900383",CC de l'Agglomération Migennoise,CC
"248900524",CC de l'Aillantais,CC
"248900664",CC de la Vanne et du Pays d'Othe,CC
"248900748",CC du Gâtinais en Bourgogne,CC
"248900896",CC Yonne Nord,CC
"248900938",CC du Jovinien,CC
"249000241",CC du Sud Territoire,CC
"249100074",CC du Pays de Limours (CCPL),CC
"249100157",CC des 2 Vallées,CC
"249100546",CC du Val d'Essonne (CCVE),CC
"249100553",CC Entre Juine et Renarde (CCEJR),CC
"249100595",CC le Dourdannais en Hurepoix (CCDH),CC
"249500109",CA de Cergy-Pontoise,CA
"249500430",CC Sausseron Impressionnistes,CC
"249500455",CC de la Vallée de l'Oise et des Trois Forêts,CC
"249500489",CC du Haut Val d'Oise,CC
"249500513",CC du Vexin-Val de Seine,CC
